"timestamp_utc","action","ticker","price_sar","shares","entry_price","pl_sar","purification_sar","balance_after_sar"
"2026-08-09T08:10:07","BUY","2222.SR","26.64","3.753754","26.64","","","100"
"2026-08-09T10:06:47","SELL","2222.SR","26.6","3.753754","26.64","-0.1501","0","99.8499"
"2026-08-09T11:49:56","BUY","2222.SR","26.62","3.750935","26.62","","","99.8499"
"2026-08-09T14:05:25","SELL","2222.SR","26.6","3.750935","26.62","-0.075","0","99.7749"
"2026-08-10T10:41:52","BUY","1010.SR","20.46","4.876584","20.46","","","99.7749"
"2026-08-10T14:40:12","SELL","1010.SR","20.37","4.876584","20.46","-0.4389","0","99.336"
"2026-08-11T09:36:39","BUY","2222.SR","26.82","3.703803","26.82","","","99.336"
"2026-08-11T12:01:51","SELL","2222.SR","26.68","3.703803","26.82","-0.5185","0","98.8175"
"2026-08-11T14:20:29","BUY","2280.SR","47.7","2.071646","47.7","","","98.8175"
"2026-08-12T08:50:15","SELL","2280.SR","47.6","2.071646","47.7","-0.2072","0","98.6103"
"2026-08-12T09:05:15","BUY","1180.SR","40.9","2.41101","40.9","","","98.6103"
"2026-08-12T09:15:20","SELL","1180.SR","40.86","2.41101","40.9","-0.0964","0","98.5139"
"2026-08-12T09:25:15","BUY","7010.SR","43.58","2.26053","43.58","","","98.5139"
"2026-08-12T10:55:12","SELL","7010.SR","43.54","2.26053","43.58","-0.0904","0","98.4235"
"2026-08-12T11:10:19","BUY","1010.SR","20.08","4.901569","20.08","","","98.4235"
"2026-08-12T12:30:27","SELL","1010.SR","20.05","4.901569","20.08","-0.1471","0","98.2764"
"2026-08-13T07:15:19","BUY","1010.SR","20.13","4.882087","20.13","","","98.2764"
"2026-08-13T11:25:15","SELL","1010.SR","20.26","4.882087","20.13","0.6347","0.0635","98.8476"
"2026-08-13T11:35:15","BUY","2222.SR","26.52","3.727285","26.52","","","98.8476"
"2026-08-13T11:40:20","SELL","2222.SR","26.52","3.727285","26.52","0","0","98.8476"
"2026-08-13T11:50:19","BUY","1010.SR","20.29","4.87174","20.29","","","98.8476"
"2026-08-13T12:25:14","SELL","1010.SR","20.24","4.87174","20.29","-0.2436","0","98.604"
"2026-08-16T07:20:18","BUY","2222.SR","26.6","3.706917","26.6","","","98.604"
"2026-08-16T10:30:26","SELL","2222.SR","26.64","3.706917","26.6","0.1483","0.0148","98.7375"
"2026-08-16T10:35:15","BUY","2222.SR","26.66","3.703582","26.66","","","98.7375"
"2026-08-17T07:25:17","SELL","2222.SR","26.64","3.703582","26.66","-0.0741","0","98.6634"
"2026-08-17T07:55:15","BUY","1211.SR","64.95","1.519067","64.95","","","98.6634"
"2026-08-17T09:25:17","SELL","1211.SR","65.05","1.519067","64.95","0.1519","0.0152","98.8001"
"2026-08-17T10:40:16","BUY","2222.SR","26.62","3.711499","26.62","","","98.8001"
"2026-08-17T11:05:13","SELL","2222.SR","26.58","3.711499","26.62","-0.1485","0","98.6516"
"2026-08-17T11:10:20","BUY","2222.SR","26.58","3.711497","26.58","","","98.6516"
"2026-08-17T11:50:20","SELL","2222.SR","26.56","3.711497","26.58","-0.0742","0","98.5774"
"2026-08-17T11:56:56","BUY","2010.SR","49.7","1.983449","49.7","","","98.5774"
"2026-08-17T12:00:31","SELL","2010.SR","49.7","1.983449","49.7","0","0","98.5774"
"2026-08-17T12:05:13","BUY","2010.SR","49.7","1.983449","49.7","","","98.5774"
"2026-08-17T12:25:15","SELL","2010.SR","49.62","1.983449","49.7","-0.1587","0","98.4187"
"2026-08-18T07:15:18","BUY","2010.SR","49.68","1.981053","49.68","","","98.4187"
"2026-08-18T08:20:20","SELL","2010.SR","49.7","1.981053","49.68","0.0396","0.004","98.4543"
"2026-08-18T08:45:19","BUY","1120.SR","64.8","1.519356","64.8","","","98.4543"
"2026-08-18T08:50:20","SELL","1120.SR","64.7","1.519356","64.8","-0.1519","0","98.3024"
"2026-08-18T09:40:23","BUY","2280.SR","48.32","2.034404","48.32","","","98.3024"
"2026-08-18T09:50:21","SELL","2280.SR","48.2","2.034404","48.32","-0.2441","0","98.0583"
"2026-08-18T09:53:03","BUY","2222.SR","26.6","3.686402","26.6","","","98.0583"
"2026-08-18T09:55:14","SELL","2222.SR","26.6","3.686402","26.6","0","0","98.0583"
"2026-08-18T10:05:16","BUY","1120.SR","64.8","1.513245","64.8","","","98.0583"
"2026-08-18T10:10:19","SELL","1120.SR","64.75","1.513245","64.8","-0.0757","0","97.9826"
"2026-08-18T10:30:26","BUY","7010.SR","43.62","2.246277","43.62","","","97.9826"
"2026-08-18T10:35:15","SELL","7010.SR","43.6","2.246277","43.62","-0.0449","0","97.9377"
"2026-08-18T10:40:17","BUY","7010.SR","43.62","2.245248","43.62","","","97.9377"
"2026-08-18T10:45:21","SELL","7010.SR","43.6","2.245248","43.62","-0.0449","0","97.8928"
"2026-08-18T10:55:18","BUY","7010.SR","43.64","2.24319","43.64","","","97.8928"
"2026-08-19T07:50:18","SELL","7010.SR","43.58","2.24319","43.64","-0.1346","0","97.7582"
"2026-08-19T08:00:32","BUY","2280.SR","48.28","2.024818","48.28","","","97.7582"
"2026-08-19T10:45:20","SELL","2280.SR","48.32","2.024818","48.28","0.081","0.0081","97.8311"
"2026-08-19T11:20:21","BUY","2222.SR","26.66","3.669584","26.66","","","97.8311"
"2026-08-20T07:15:21","SELL","2222.SR","26.32","3.669584","26.66","-1.2477","0","96.5834"
"2026-08-20T07:20:18","BUY","1180.SR","41.72","2.315038","41.72","","","96.5834"
"2026-08-20T08:40:19","SELL","1180.SR","41.6","2.315038","41.72","-0.2778","0","96.3056"
"2026-08-20T08:55:15","BUY","1180.SR","41.66","2.311704","41.66","","","96.3056"
"2026-08-20T09:05:18","SELL","1180.SR","41.58","2.311704","41.66","-0.1849","0","96.1207"
"2026-08-20T09:55:15","BUY","1120.SR","64.65","1.486786","64.65","","","96.1207"
"2026-08-20T10:15:21","SELL","1120.SR","64.55","1.486786","64.65","-0.1487","0","95.972"
"2026-08-20T10:20:17","BUY","1120.SR","64.55","1.486785","64.55","","","95.972"
"2026-08-24T11:25:15","SELL","1120.SR","67.3","1.486785","64.55","4.0887","0.4089","99.6518"
"2026-08-24T12:25:15","BUY","1010.SR","20.8","4.790952","20.8","","","99.6518"
"2026-08-26T10:20:19","SELL","1010.SR","20.99","4.790952","20.8","0.9103","0.091","100.4711"
"2026-08-26T10:25:17","BUY","1010.SR","21","4.784338","21","","","100.4711"
"2026-08-27T07:40:31","SELL","1010.SR","20.99","4.784338","21","-0.0478","0","100.4233"
"2026-08-27T07:45:30","BUY","1010.SR","21.03","4.77524","21.03","","","100.4233"
"2026-08-27T07:50:20","SELL","1010.SR","20.99","4.77524","21.03","-0.191","0","100.2323"
"2026-08-27T08:25:17","BUY","1180.SR","43.4","2.3095","43.4","","","100.2323"
"2026-08-27T09:40:17","SELL","1180.SR","43.32","2.3095","43.4","-0.1848","0","100.0475"
"2026-08-27T09:45:26","BUY","2010.SR","50.5","1.981139","50.5","","","100.0475"
"2026-08-27T10:35:21","SELL","2010.SR","50.4","1.981139","50.5","-0.1981","0","99.8494"
"2026-08-27T10:50:19","BUY","1180.SR","43.36","2.3028","43.36","","","99.8494"
"2026-08-27T10:55:18","SELL","1180.SR","43.32","2.3028","43.36","-0.0921","0","99.7573"
"2026-08-27T11:00:34","BUY","1180.SR","43.38","2.299615","43.38","","","99.7573"
"2026-08-27T11:05:17","SELL","1180.SR","43.3","2.299615","43.38","-0.184","0","99.5733"
"2026-08-27T11:15:31","BUY","1180.SR","43.36","2.296432","43.36","","","99.5733"
"2026-08-27T11:20:19","SELL","1180.SR","43.34","2.296432","43.36","-0.0459","0","99.5274"
"2026-08-27T11:25:19","BUY","7010.SR","44.62","2.230556","44.62","","","99.5274"
"2026-08-30T08:10:19","SELL","7010.SR","44.58","2.230556","44.62","-0.0892","0","99.4382"
"2026-08-30T09:13:10","BUY","2010.SR","50.3","1.976903","50.3","","","99.4382"
"2026-08-30T09:20:19","SELL","2010.SR","50.25","1.976903","50.3","-0.0988","0","99.3394"
"2026-08-30T10:20:16","BUY","2222.SR","26.14","3.800283","26.14","","","99.3394"
"2026-08-30T10:25:18","SELL","2222.SR","26.1","3.800283","26.14","-0.152","0","99.1874"
"2026-08-30T10:26:50","BUY","2222.SR","26.12","3.797374","26.12","","","99.1874"
"2026-08-30T10:30:20","SELL","2222.SR","26.1","3.797374","26.12","-0.0759","0","99.1115"
"2026-08-30T10:35:14","BUY","1211.SR","67.4","1.470497","67.4","","","99.1115"
"2026-08-30T11:25:15","SELL","1211.SR","67.3","1.470497","67.4","-0.147","0","98.9645"
"2026-08-30T11:29:19","BUY","1120.SR","68","1.45536","68","","","98.9645"
"2026-08-30T11:30:23","SELL","1120.SR","67.95","1.45536","68","-0.0728","0","98.8917"
"2026-08-30T11:40:16","BUY","7010.SR","44.46","2.224285","44.46","","","98.8917"
"2026-08-30T11:45:20","SELL","7010.SR","44.42","2.224285","44.46","-0.089","0","98.8027"
"2026-08-30T12:06:47","BUY","2010.SR","50.25","1.966223","50.25","","","98.8027"
"2026-08-31T07:40:20","SELL","2010.SR","50.15","1.966223","50.25","-0.1966","0","98.6061"
"2026-08-31T07:45:17","BUY","2010.SR","50.25","1.96231","50.25","","","98.6061"
"2026-08-31T07:48:44","SELL","2010.SR","50.2","1.96231","50.25","-0.0981","0","98.508"
"2026-08-31T07:55:17","BUY","1120.SR","67.95","1.449713","67.95","","","98.508"
"2026-08-31T09:15:22","SELL","1120.SR","67.85","1.449713","67.95","-0.145","0","98.363"
"2026-08-31T09:55:14","BUY","2222.SR","26.22","3.751449","26.22","","","98.363"
"2026-08-31T10:05:12","SELL","2222.SR","26.22","3.751449","26.22","-0","0","98.363"
"2026-08-31T10:15:17","BUY","7010.SR","44.42","2.214386","44.42","","","98.363"
"2026-08-31T10:30:00","SELL","7010.SR","44.4","2.214386","44.42","-0.0443","0","98.3187"
"2026-08-31T10:40:19","BUY","2222.SR","26.22","3.74976","26.22","","","98.3187"
"2026-08-31T10:42:16","SELL","2222.SR","26.22","3.74976","26.22","-0","0","98.3187"
"2026-08-31T10:50:19","BUY","2222.SR","26.22","3.74976","26.22","","","98.3187"
"2026-08-31T10:54:30","SELL","2222.SR","26.2","3.74976","26.22","-0.075","0","98.2437"
"2026-08-31T11:30:23","BUY","2222.SR","26.22","3.746899","26.22","","","98.2437"
"2026-08-31T11:44:17","SELL","2222.SR","26.2","3.746899","26.22","-0.0749","0","98.1688"
"2026-08-31T12:25:15","BUY","1180.SR","43.3","2.267178","43.3","","","98.1688"
"2026-09-01T07:15:24","SELL","1180.SR","42.98","2.267178","43.3","-0.7255","0","97.4433"
"2026-09-01T07:25:20","BUY","1120.SR","68.05","1.431937","68.05","","","97.4433"
"2026-09-01T08:20:24","SELL","1120.SR","67.65","1.431937","68.05","-0.5728","0","96.8705"
"2026-09-01T08:56:06","BUY","1010.SR","20.86","4.64384","20.86","","","96.8705"
"2026-09-01T09:00:38","SELL","1010.SR","20.83","4.64384","20.86","-0.1393","0","96.7312"
"2026-09-01T09:05:18","BUY","1010.SR","20.85","4.639386","20.85","","","96.7312"
"2026-09-01T09:34:03","SELL","1010.SR","20.82","4.639386","20.85","-0.1392","0","96.592"
"2026-09-01T09:40:18","BUY","1010.SR","20.84","4.634933","20.84","","","96.592"
"2026-09-01T09:45:15","SELL","1010.SR","20.83","4.634933","20.84","-0.0463","0","96.5457"
"2026-09-01T11:15:19","BUY","2222.SR","26.1","3.699069","26.1","","","96.5457"
"2026-09-01T11:20:16","SELL","2222.SR","26.06","3.699069","26.1","-0.148","0","96.3977"
"2026-09-01T11:25:15","BUY","2222.SR","26.08","3.696231","26.08","","","96.3977"
"2026-09-02T08:20:22","SELL","2222.SR","26.1","3.696231","26.08","0.0739","0.0074","96.4642"
"2026-09-02T09:25:15","BUY","1180.SR","42.72","2.258057","42.72","","","96.4642"
"2026-09-02T09:47:03","SELL","1180.SR","42.64","2.258057","42.72","-0.1806","0","96.2836"
